# Sequel

x) 
Jonkun kaupan nettipalvelu, kuten vaikka prisma. palvelimelta ajettua tietokantaa hyödynnetään asiakkaille näytettävään käyttöliittymään, jossa käyttäjä pystyy esimerkiksi etsimään tietokannasta tuotetietoja, hintaa, hyllypaikkaa, saatavuutta ja tekemään tilauksia. 
Yritys pystyy keräämään dataa niin tuotteista kuin asiakkaista, ja hyödyntää sitä omassa toiminnassaan.

a) Asenna PostgreSQL ja testaa se suorittamalla SQL-komento.

Asensin PostgreSQL jo tunnilla komennoilla

    sudo apt-get update
    sudo apt-get -y install postgresql

tehdään uusi käyttäjä, uusi tietokanta, vaihdetaan käyttäjälle ja testataan tietokantaa.
        
    sudo adduser testi
    sudo -u postgres createdb testi
    sudo -u postgres createuser testi
    su testi
    psql
    testi=> SELECT 2+2;
     ?column? 
    ----------
            4
    (1 row)
    
b) Kokeile CRUD (create, read, update, delete) kirjoittamalla SQL-käsin.

Tehdään uusi taulu nimeltä eläimet, määritellään taulu että jokaisella rivillä on arvot id ja name, id arvolle määritellään SERIAL PRIMARY KEY joten tietokanta itsenäisesti asettaa sille numeroarvon. namelle määritellään VARCHAR (variable character) jolloin siinä voi olla numeroita, kirjaimia välilyöntejä ja muita erityismerkkejä.

    testi=> CREATE TABLE eläimet(id SERIAL PRIMARY KEY, name VARCHAR);
    CREATE TABLE

    testi=> INSERT INTO eläimet(name) VALUES ('Kissa');
    INSERT 0 1
    
    testi=> SELECT * FROM eläimet;
     id | name  
    ----+-------
      1 | Kissa
    (1 row)

lisätään vielä muutama eläin
    
    testi=> INSERT INTO eläimet(name) VALUES ('Koira'),('Krokotiili'),('Kirahvi');
    INSERT 0 3

Vaihdetaan rivin nimeä etsimällä sitä nimiarvolla
        
    testi=> UPDATE eläimet SET name='Tiikeri' WHERE name='Kissa';
    UPDATE 1
    testi=> SELECT * FROM eläimet;
     id |    name    
    ----+------------
      2 | Koira
      3 | Krokotiili
      4 | Kirahvi
      1 | Tiikeri
    (4 rows)

Poistetaan rivi kokonaan

    testi=> DELETE FROM eläimet WHERE name='Koira';
    DELETE 1
    testi=> SELECT * FROM eläimet;
     id |    name    
    ----+------------
      3 | Krokotiili
      4 | Kirahvi
      1 | Tiikeri
    (3 rows)
